"post.mean","l-95% CI","u-95% CI","eff.samp"
11.4605024080977,7.64171412055546,15.3028043617172,800.000000000001
1.49730916375176,1.17490524551403,1.88429319038847,799.999999999999
2.83733366781526,1.94053872310167,3.86923997341643,799.999999999999
2.21764175648665,2.00504932891715,2.41060783073979,799.999999999999
