"post.mean","l-95% CI","u-95% CI","eff.samp","pMCMC"
-1.08131125325847,-5.85917349088413,3.10438278700894,1022.89794984987,0.6275
-0.296196110592776,-0.659353862917669,0.00629627583839465,800.000000000001,0.08
0.401073892045814,0.132933149550809,0.630427605596196,714.673493747164,0.00125
