"post.mean","l-95% CI","u-95% CI","eff.samp","pMCMC"
-0.848664834139593,-5.6895842405429,3.49294222184108,802.262948210951,0.7325
0.447970472563747,0.386161268826982,0.505229342103121,627.319809206826,0.00125
0.428606080319173,0.343658992112978,0.517640772624873,1138.81950306035,0.00125
0.287117408689963,0.203520137864416,0.368113470467506,800,0.00125
0.603614366718025,0.515585720961099,0.683356452949283,800,0.00125
0.483636738159863,0.383042524452321,0.591775259068527,800.000000000001,0.00125
