"post.mean","l-95% CI","u-95% CI","eff.samp","pMCMC"
0.261498461726194,-5.2649463860871,5.49178498800029,799.999999999999,0.9425
0.181245273296585,0.0362773201486561,0.337278092147017,799.999999999999,0.02
0.530137672910041,0.355853958812077,0.696146791109641,800,0.00125
-0.281523392505606,-0.450186309200944,-0.115192876473884,799.999999999999,0.00125
0.137138528132946,-0.0304315641042194,0.323336497342098,935.352013749111,0.11
0.305924821713498,0.0453220220406365,0.533433593322115,799.999999999999,0.0249999999999999
