"post.mean","l-95% CI","u-95% CI","eff.samp","pMCMC"
-0.575548814526034,-1.80701835481159,0.697371311020106,9000.00000000002,0.361111111111111
0.183408183576864,0.104104587590882,0.259887424792396,9000.00000000003,0.000111111111111111
0.392091622455883,0.299415747213061,0.485217378562083,9000.00000000001,0.000111111111111111
0.098050578578476,0.0121396059671497,0.187691314640688,9488.58077376403,0.0291111111111111
0.121298509296329,0.0197922259394545,0.226431065733777,8173.00036513332,0.0224444444444445
0.538740271929324,0.383729263739951,0.698581884258374,9000,0.000111111111111111
