"post.mean","l-95% CI","u-95% CI","eff.samp","pMCMC"
-0.0103785506591091,-5.4101296360277,4.91497396821796,891.857201338902,0.965
0.238022563262361,-0.0174604063777224,0.52039586428873,800,0.0674999999999999
0.469496799394145,0.210011007555295,0.755236662749667,800,0.00125
0.111155797583395,-0.219400003467399,0.380280653829686,800,0.4625
1.67124007783456,1.36635551496147,2.0081789708056,799.999999999999,0.00125
0.0571102834336825,-0.286776586219275,0.410239934724814,799.999999999999,0.7375
